{
    "accuracy": 0.6605,
    "f1": 0.35023923444976074,
    "auc": 0.5728353454619323
}