{
    "accuracy": 0.6605,
    "f1": 0.3502392344497608,
    "auc": 0.5728353454619323
}