{
    "accuracy": 0.654,
    "f1": 0.34019832189168575,
    "auc": 0.5662646935116109
}